Teams,Logos
Mumbai Indians,https://i.pinimg.com/474x/a1/0b/68/a10b686179e1b30130140e0d6cd8af31.jpg
Chennai Super Kings,https://i.pinimg.com/474x/4b/95/ce/4b95ce3a0a4f3324d8876508bb5859ee.jpg
Kolkata Knight Riders,https://i.pinimg.com/564x/f1/90/68/f190685a1bdc97d2a068e1af4bbe5f36.jpg
Delhi Capitals,https://i.pinimg.com/474x/09/49/16/094916793828ffd24f9e3b6e4fd9c02b.jpg
Sunrisers Hyderabad,https://i.pinimg.com/474x/4f/5c/76/4f5c7677936223a563557edee12cb01e.jpg
Rajasthan Royals,https://i.pinimg.com/474x/71/25/e5/7125e5c7f919a2d4eb873f8c6a23771e.jpg
Punjab Kings,https://i.pinimg.com/474x/6a/90/75/6a9075c90746ca7d0f9de928546ef285.jpg
Royal Challengers Bengaluru,https://i.pinimg.com/474x/f9/b0/8b/f9b08b32aa15509a737a05e7392225d9.jpg
Gujarat Titans,https://i.pinimg.com/474x/f1/e5/cc/f1e5cc7a43c9700c5a89a6edf3f6d9b4.jpg
Lucknow Super Giants,https://i.pinimg.com/474x/8c/ae/d0/8caed045ebffe0dd88bd6f36b216d3c7.jpg
